{"proxies":{"com.accusolutions.root.AccuRootModule":{"superPackageName":"org.appcelerator.kroll","methods":{"isTamperedWith":{"runOnUiThread":false,"hasInvocation":false,"args":[],"apiName":"isTamperedWith","converter":"org.appcelerator.kroll.KrollConverter","defaultValueProvider":"org.appcelerator.kroll.KrollConverter","name":"__default_name__","returnType":"boolean"}},"dynamicProperties":{"shouldCrash":{"set":false,"nativeConverter":"org.appcelerator.kroll.KrollConverter","getMethodName":"getShouldCrash","converter":"org.appcelerator.kroll.KrollConverter","defaultValueProvider":"org.appcelerator.kroll.KrollConverter","javascriptConverter":"org.appcelerator.kroll.KrollConverter","getHasInvocation":false,"runOnUiThread":false,"getMethodArgs":[],"getReturnType":"boolean","get":true,"name":"shouldCrash","setHasInvocation":false,"getDefaultProviders":[]},"exampleProp":{"set":true,"nativeConverter":"org.appcelerator.kroll.KrollConverter","setMethodName":"setExampleProp","setMethodArgs":[{"converter":"org.appcelerator.kroll.KrollConverter","defaultValueProvider":"org.appcelerator.kroll.KrollConverter","name":"shouldCrash","sourceName":"shouldCrash","type":"boolean"}],"setDefaultProviders":["org.appcelerator.kroll.KrollConverter"],"converter":"org.appcelerator.kroll.KrollConverter","defaultValueProvider":"org.appcelerator.kroll.KrollConverter","retain":true,"javascriptConverter":"org.appcelerator.kroll.KrollConverter","getHasInvocation":false,"runOnUiThread":false,"setReturnType":"void","get":false,"name":"exampleProp","setHasInvocation":false}},"superProxyClassName":"KrollModule","isModule":true,"genClassName":"AccuRootModuleBindingGen","superProxyBindingClassName":"org.appcelerator.kroll.KrollModuleBindingGen","proxyClassName":"AccuRootModule","proxyAttrs":{"propertyAccessors":[],"fullAPIName":"AccuRoot","name":"AccuRoot","proxyClassName":"com.accusolutions.root.AccuRootModule","isTopLevel":false,"id":"com.accusolutions.root"},"packageName":"com.accusolutions.root","sourceName":"com.accusolutions.root.AccuRootModuleBindingGen","isTitaniumSdk":false,"onAppCreate":"onAppCreate"}},"modules":{"com.accusolutions.root.AccuRootModule":{"apiName":"AccuRoot"}}}