{"proxies":{"com.accusolutions.root.AccuRootModule":{"superPackageName":"org.appcelerator.kroll","methods":{"isTamperedWith":{"runOnUiThread":false,"hasInvocation":false,"args":[],"apiName":"isTamperedWith","converter":"org.appcelerator.kroll.KrollConverter","defaultValueProvider":"org.appcelerator.kroll.KrollConverter","name":"__default_name__","returnType":"boolean"},"setShouldCrash":{"runOnUiThread":false,"hasInvocation":false,"args":[{"converter":"org.appcelerator.kroll.KrollConverter","defaultValueProvider":"org.appcelerator.kroll.KrollConverter","name":"shouldCrash","sourceName":"shouldCrash","type":"boolean"}],"apiName":"setShouldCrash","converter":"org.appcelerator.kroll.KrollConverter","defaultValueProvider":"org.appcelerator.kroll.KrollConverter","name":"__default_name__","returnType":"void"}},"superProxyBindingClassName":"org.appcelerator.kroll.KrollModuleBindingGen","proxyClassName":"AccuRootModule","proxyAttrs":{"propertyAccessors":[],"fullAPIName":"AccuRoot","name":"AccuRoot","proxyClassName":"com.accusolutions.root.AccuRootModule","isTopLevel":false,"id":"com.accusolutions.root"},"packageName":"com.accusolutions.root","sourceName":"com.accusolutions.root.AccuRootModuleBindingGen","isTitaniumSdk":false,"superProxyClassName":"KrollModule","isModule":true,"genClassName":"AccuRootModuleBindingGen","onAppCreate":"onAppCreate"}},"modules":{"com.accusolutions.root.AccuRootModule":{"apiName":"AccuRoot"}}}